{"cameraMode":{"drawMode":0,"name":"Shaded","section":"Shading Mode"},"sceneLighting":true,"audioPlay":false,"sceneViewState":{"showFog":true,"showMaterialUpdate":false,"showSkybox":true,"showFlares":true,"showImageEffects":true,"showParticleSystems":true},"in2DMode":false,"pivot":{"x":1.9412513971328736,"y":2.271589517593384,"z":-0.032016389071941379},"rotation":{"x":-0.18346276879310609,"y":0.5887471437454224,"z":-0.13941100239753724,"w":-0.7747843861579895},"size":4.206654071807861,"orthographic":false}