{"cameraMode":{"drawMode":0,"name":"Shaded","section":"Shading Mode"},"sceneLighting":false,"audioPlay":false,"sceneViewState":{"showFog":true,"showMaterialUpdate":false,"showSkybox":true,"showFlares":true,"showImageEffects":true,"showParticleSystems":true},"in2DMode":false,"pivot":{"x":-1.0227417945861817,"y":-40.83796691894531,"z":-6.40089750289917},"rotation":{"x":0.11786875128746033,"y":0.8736634850502014,"z":-0.3926631510257721,"w":0.2622007131576538},"size":26.839040756225587,"orthographic":true}