{"cameraMode":{"drawMode":0,"name":"Shaded","section":"Shading Mode"},"sceneLighting":false,"audioPlay":false,"sceneViewState":{"showFog":true,"showMaterialUpdate":false,"showSkybox":true,"showFlares":true,"showImageEffects":true,"showParticleSystems":true},"in2DMode":false,"pivot":{"x":2.3947434425354006,"y":0.9609357118606567,"z":0.43410903215408327},"rotation":{"x":0.16239647567272187,"y":0.8365864753723145,"z":-0.39271578192710879,"w":0.34589946269989016},"size":4.628789901733398,"orthographic":true}