{"cameraMode":{"drawMode":0,"name":"Shaded","section":"Shading Mode"},"sceneLighting":false,"audioPlay":false,"sceneViewState":{"showFog":true,"showMaterialUpdate":false,"showSkybox":false,"showFlares":true,"showImageEffects":true,"showParticleSystems":true},"in2DMode":false,"pivot":{"x":-1.2356526851654053,"y":4.726362228393555,"z":1.4990360736846924},"rotation":{"x":0.1161208227276802,"y":0.8801109790802002,"z":-0.3664056360721588,"w":0.2788924276828766},"size":4.812730312347412,"orthographic":true}