{"cameraMode":{"drawMode":0,"name":"Shaded","section":"Shading Mode"},"sceneLighting":false,"audioPlay":false,"sceneViewState":{"showFog":true,"showMaterialUpdate":false,"showSkybox":false,"showFlares":true,"showImageEffects":true,"showParticleSystems":true},"in2DMode":false,"pivot":{"x":319.364990234375,"y":176.09500122070313,"z":-5.25},"rotation":{"x":0.09056004136800766,"y":0.8805869817733765,"z":-0.18712086975574494,"w":0.42598655819892886},"size":1228.7069091796875,"orthographic":true}