{"cameraMode":{"drawMode":0,"name":"Shaded","section":"Shading Mode"},"sceneLighting":false,"audioPlay":false,"sceneViewState":{"showFog":true,"showMaterialUpdate":false,"showSkybox":true,"showFlares":true,"showImageEffects":true,"showParticleSystems":true},"in2DMode":false,"pivot":{"x":-0.0010314881801605225,"y":0.026032179594039918,"z":0.0025960206985473634},"rotation":{"x":0.11522995680570603,"y":0.8561028838157654,"z":-0.4548702836036682,"w":0.216834157705307},"size":16.04117202758789,"orthographic":true}