{"cameraMode":{"drawMode":0,"name":"Shaded","section":"Shading Mode"},"sceneLighting":false,"audioPlay":false,"sceneViewState":{"showFog":true,"showMaterialUpdate":false,"showSkybox":true,"showFlares":true,"showImageEffects":true,"showParticleSystems":true},"in2DMode":false,"pivot":{"x":-0.13055604696273805,"y":-1.1874104738235474,"z":-5.138033866882324},"rotation":{"x":0.09056004136800766,"y":0.8805869817733765,"z":-0.18712086975574494,"w":0.42598655819892886},"size":14.752875328063965,"orthographic":true}