{"cameraMode":{"drawMode":0,"name":"Shaded","section":"Shading Mode"},"sceneLighting":true,"audioPlay":false,"sceneViewState":{"showFog":true,"showMaterialUpdate":false,"showSkybox":true,"showFlares":true,"showImageEffects":true,"showParticleSystems":true},"in2DMode":false,"pivot":{"x":-0.5026578307151794,"y":6.286599159240723,"z":-0.16738978028297425},"rotation":{"x":0.074126698076725,"y":0.7478167414665222,"z":-0.08472046256065369,"w":0.6543017029762268},"size":28.542085647583009,"orthographic":false}