{"cameraMode":{"drawMode":0,"name":"Shaded","section":"Shading Mode"},"sceneLighting":false,"audioPlay":false,"sceneViewState":{"showFog":true,"showMaterialUpdate":false,"showSkybox":false,"showFlares":true,"showImageEffects":true,"showParticleSystems":true},"in2DMode":false,"pivot":{"x":-4.13740873336792,"y":2.023386001586914,"z":-9.358953475952149},"rotation":{"x":0.16585952043533326,"y":0.7968671321868897,"z":-0.25252214074134829,"w":0.5232973098754883},"size":4.908731937408447,"orthographic":true}