{"cameraMode":{"drawMode":0,"name":"Shaded","section":"Shading Mode"},"sceneLighting":false,"audioPlay":false,"sceneViewState":{"showFog":true,"showMaterialUpdate":false,"showSkybox":true,"showFlares":true,"showImageEffects":true,"showParticleSystems":true},"in2DMode":false,"pivot":{"x":-11.442474365234375,"y":-7.831622123718262,"z":-4.344518184661865},"rotation":{"x":0.16585952043533326,"y":0.7968671321868897,"z":-0.25252214074134829,"w":0.5232973098754883},"size":91.65396118164063,"orthographic":true}