{"cameraMode":{"drawMode":0,"name":"Shaded","section":"Shading Mode"},"sceneLighting":false,"audioPlay":false,"sceneViewState":{"showFog":true,"showMaterialUpdate":false,"showSkybox":true,"showFlares":true,"showImageEffects":true,"showParticleSystems":true},"in2DMode":false,"pivot":{"x":9.11263656616211,"y":-10.492399215698243,"z":-7.4760637283325199},"rotation":{"x":0.16585952043533326,"y":0.7968671321868897,"z":-0.25252214074134829,"w":0.5232973098754883},"size":15.540812492370606,"orthographic":true}