{"cameraMode":{"drawMode":0,"name":"Shaded","section":"Shading Mode"},"sceneLighting":false,"audioPlay":false,"sceneViewState":{"showFog":true,"showMaterialUpdate":false,"showSkybox":true,"showFlares":true,"showImageEffects":true,"showParticleSystems":true},"in2DMode":false,"pivot":{"x":-0.49000000953674319,"y":4.409999847412109,"z":0.0},"rotation":{"x":0.3104419410228729,"y":0.6669383645057678,"z":-0.3613172471523285,"w":0.5730062127113342},"size":21.778148651123048,"orthographic":false}