{"cameraMode":{"drawMode":0,"name":"Shaded","section":"Shading Mode"},"sceneLighting":false,"audioPlay":false,"sceneViewState":{"showFog":true,"showMaterialUpdate":false,"showSkybox":false,"showFlares":true,"showImageEffects":true,"showParticleSystems":true},"in2DMode":false,"pivot":{"x":4.089958667755127,"y":0.422615110874176,"z":-1.9535765647888184},"rotation":{"x":-0.08551634103059769,"y":-0.8715542554855347,"z":0.16364769637584687,"w":-0.45434778928756716},"size":4.278694152832031,"orthographic":true}